,,,,,,,,,,,"Total population by single age, both sexes combined (thousands)",,,,,,,,,,,,,,,,,,,,,,,,,,,,,,,,,,,,,,,,,,,,,,,,,,,,,,,,,,,,,,,,,,,,,,,,,,,,,,,,,,,,,,,,,,,,,,,,,,,,
Index,Year,0,1,2,3,4,5,6,7,8,9,10,11,12,13,14,15,16,17,18,19,20,21,22,23,24,25,26,27,28,29,30,31,32,33,34,35,36,37,38,39,40,41,42,43,44,45,46,47,48,49,50,51,52,53,54,55,56,57,58,59,60,61,62,63,64,65,66,67,68,69,70,71,72,73,74,75,76,77,78,79,80,81,82,83,84,85,86,87,88,89,90,91,92,93,94,95,96,97,98,99,100+,,,,,,,,,
7653,1966,  18 549,  16 915,  16 051,  15 461,  14 966,  14 523,  14 113,  13 767,  13 474,  13 165,  12 839,  12 510,  12 147,  11 751,  11 351,  10 962,  10 592,  9 794,  9 018,  8 727,  8 466,  8 212,  7 986,  7 792,  7 632,  7 505,  7 413,  7 357,  7 278,  7 125,  6 931,  6 764,  6 619,  6 463,  6 307,  6 152,  5 994,  5 837,  5 682,  5 526,  5 372,  5 219,  5 066,  4 920,  4 786,  4 659,  4 530,  4 402,  4 272,  4 132,  3 988,  3 846,  3 703,  3 568,  3 454,  3 349,  3 238,  3 130,  3 005,  2 836,  2 645,  2 462,  2 279,  2 119,  2 011,  1 932,  1 847,  1 762,  1 655,  1 494,  1 307,  1 137,   977,   846,   772,   724,   670,   616,   549,   455,   355,   274,   205,   153,   122,   102,   85,   69,   54,   40,   28,   19,   12,   8,   5,   3,   2,   1,   1,   0,   0,,,,,,,,,
7654,1967,  18 802,  17 120,  16 275,  15 735,  15 257,  14 821,  14 419,  14 037,  13 709,  13 427,  13 124,  12 800,  12 470,  12 105,  11 706,  11 303,  10 912,  10 540,  9 743,  8 968,  8 676,  8 414,  8 159,  7 932,  7 737,  7 577,  7 450,  7 358,  7 302,  7 223,  7 071,  6 877,  6 710,  6 565,  6 409,  6 252,  6 096,  5 939,  5 782,  5 626,  5 471,  5 316,  5 163,  5 011,  4 864,  4 730,  4 601,  4 471,  4 342,  4 210,  4 069,  3 924,  3 781,  3 636,  3 500,  3 384,  3 276,  3 163,  3 053,  2 925,  2 755,  2 563,  2 380,  2 197,  2 037,  1 927,  1 845,  1 758,  1 670,  1 562,  1 403,  1 222,  1 056,   902,   775,   701,   652,   598,   544,   480,   393,   304,   231,   171,   125,   98,   81,   66,   52,   40,   29,   20,   13,   8,   5,   3,   2,   1,   1,   0,   0,,,,,,,,,
7655,1968,  19 115,  17 418,  16 516,  15 973,  15 536,  15 114,  14 717,  14 344,  13 981,  13 664,  13 389,  13 087,  12 763,  12 431,  12 063,  11 661,  11 255,  10 862,  10 489,  9 693,  8 919,  8 626,  8 362,  8 107,  7 879,  7 684,  7 524,  7 397,  7 305,  7 249,  7 171,  7 019,  6 825,  6 657,  6 512,  6 355,  6 199,  6 043,  5 885,  5 728,  5 572,  5 417,  5 263,  5 109,  4 956,  4 809,  4 674,  4 544,  4 412,  4 281,  4 148,  4 005,  3 858,  3 714,  3 568,  3 430,  3 312,  3 201,  3 085,  2 972,  2 842,  2 670,  2 478,  2 294,  2 112,  1 951,  1 840,  1 755,  1 666,  1 577,  1 468,  1 312,  1 135,   975,   826,   705,   632,   582,   528,   476,   416,   336,   256,   192,   140,   101,   78,   63,   50,   39,   29,   21,   13,   9,   5,   3,   2,   1,   1,   0,   0,,,,,,,,,
7656,1969,  19 417,  17 775,  16 849,  16 228,  15 780,  15 395,  15 011,  14 643,  14 290,  13 940,  13 629,  13 356,  13 054,  12 728,  12 392,  12 020,  11 615,  11 207,  10 812,  10 438,  9 642,  8 870,  8 575,  8 311,  8 055,  7 828,  7 633,  7 473,  7 347,  7 256,  7 200,  7 121,  6 968,  6 775,  6 607,  6 461,  6 304,  6 147,  5 991,  5 834,  5 677,  5 521,  5 365,  5 211,  5 057,  4 903,  4 755,  4 618,  4 486,  4 353,  4 220,  4 084,  3 940,  3 792,  3 645,  3 497,  3 357,  3 237,  3 123,  3 005,  2 888,  2 754,  2 582,  2 389,  2 206,  2 024,  1 864,  1 751,  1 664,  1 573,  1 482,  1 372,  1 219,  1 048,   894,   751,   635,   565,   515,   463,   413,   357,   285,   214,   158,   114,   81,   61,   48,   38,   29,   21,   14,   9,   6,   4,   2,   1,   1,   0,   0,,,,,,,,,
7657,1970,  19 708,  18 081,  17 211,  16 561,  16 032,  15 634,  15 287,  14 932,  14 586,  14 247,  13 905,  13 597,  13 323,  13 019,  12 690,  12 351,  11 976,  11 569,  11 159,  10 763,  10 388,  9 594,  8 823,  8 528,  8 264,  8 008,  7 781,  7 587,  7 428,  7 302,  7 210,  7 154,  7 074,  6 921,  6 728,  6 559,  6 413,  6 256,  6 099,  5 943,  5 785,  5 627,  5 471,  5 315,  5 159,  5 005,  4 849,  4 700,  4 561,  4 427,  4 291,  4 156,  4 019,  3 872,  3 722,  3 574,  3 424,  3 281,  3 158,  3 041,  2 919,  2 798,  2 662,  2 488,  2 296,  2 113,  1 932,  1 773,  1 660,  1 570,  1 477,  1 384,  1 275,  1 125,   960,   812,   677,   568,   500,   452,   402,   355,   303,   239,   177,   129,   91,   63,   47,   37,   28,   21,   15,   10,   6,   4,   2,   1,   1,   0,   0,,,,,,,,,
7658,1971,  20 085,  18 375,  17 521,  16 921,  16 360,  15 882,  15 522,  15 205,  14 873,  14 542,  14 212,  13 872,  13 564,  13 289,  12 982,  12 649,  12 307,  11 929,  11 521,  11 110,  10 713,  10 337,  9 544,  8 775,  8 480,  8 216,  7 961,  7 735,  7 541,  7 383,  7 257,  7 165,  7 108,  7 028,  6 874,  6 681,  6 512,  6 365,  6 208,  6 051,  5 894,  5 736,  5 578,  5 421,  5 264,  5 107,  4 951,  4 794,  4 642,  4 501,  4 365,  4 227,  4 090,  3 950,  3 802,  3 650,  3 499,  3 347,  3 202,  3 075,  2 954,  2 829,  2 705,  2 566,  2 391,  2 200,  2 018,  1 838,  1 681,  1 567,  1 476,  1 381,  1 287,  1 177,  1 032,   874,   733,   606,   504,   440,   394,   347,   302,   255,   198,   145,   104,   72,   49,   36,   27,   20,   15,   10,   7,   4,   2,   1,   1,   0,   0,,,,,,,,,
7659,1972,  20 467,  18 746,  17 819,  17 231,  16 718,  16 206,  15 766,  15 437,  15 144,  14 829,  14 506,  14 179,  13 840,  13 530,  13 251,  12 941,  12 604,  12 260,  11 880,  11 470,  11 058,  10 660,  10 284,  9 493,  8 726,  8 432,  8 169,  7 914,  7 689,  7 497,  7 338,  7 213,  7 120,  7 062,  6 981,  6 828,  6 634,  6 465,  6 318,  6 160,  6 003,  5 846,  5 687,  5 528,  5 370,  5 212,  5 054,  4 896,  4 737,  4 583,  4 440,  4 301,  4 161,  4 021,  3 880,  3 729,  3 574,  3 421,  3 266,  3 118,  2 988,  2 864,  2 735,  2 609,  2 468,  2 293,  2 102,  1 921,  1 744,  1 589,  1 475,  1 382,  1 286,  1 191,  1 082,   941,   791,   658,   540,   445,   385,   341,   297,   256,   213,   164,   118,   83,   57,   38,   27,   20,   15,   11,   7,   5,   3,   2,   1,   1,   1,,,,,,,,,
7660,1973,  20 835,  19 127,  18 194,  17 531,  17 027,  16 561,  16 088,  15 680,  15 376,  15 099,  14 792,  14 473,  14 146,  13 805,  13 492,  13 210,  12 897,  12 558,  12 212,  11 831,  11 420,  11 007,  10 609,  10 233,  9 444,  8 680,  8 387,  8 124,  7 871,  7 647,  7 455,  7 297,  7 171,  7 078,  7 019,  6 937,  6 783,  6 589,  6 420,  6 272,  6 114,  5 955,  5 798,  5 638,  5 478,  5 319,  5 159,  4 999,  4 839,  4 678,  4 522,  4 376,  4 236,  4 093,  3 951,  3 807,  3 654,  3 496,  3 341,  3 183,  3 032,  2 899,  2 772,  2 640,  2 510,  2 368,  2 193,  2 004,  1 826,  1 652,  1 498,  1 384,  1 290,  1 194,  1 098,   990,   855,   713,   589,   479,   392,   336,   295,   254,   216,   178,   135,   96,   66,   45,   30,   21,   15,   11,   8,   5,   3,   2,   1,   1,   1,,,,,,,,,
7661,1974,  21 203,  19 503,  18 583,  17 910,  17 329,  16 870,  16 442,  16 002,  15 618,  15 330,  15 063,  14 759,  14 440,  14 111,  13 767,  13 451,  13 165,  12 849,  12 508,  12 159,  11 777,  11 366,  10 953,  10 555,  10 179,  9 393,  8 632,  8 340,  8 079,  7 827,  7 604,  7 413,  7 255,  7 129,  7 035,  6 975,  6 892,  6 738,  6 543,  6 374,  6 225,  6 066,  5 907,  5 749,  5 588,  5 427,  5 266,  5 105,  4 943,  4 781,  4 617,  4 459,  4 311,  4 168,  4 023,  3 879,  3 732,  3 576,  3 416,  3 257,  3 097,  2 943,  2 807,  2 677,  2 543,  2 412,  2 268,  2 094,  1 908,  1 732,  1 561,  1 409,  1 295,  1 201,  1 104,  1 008,   903,   774,   641,   525,   424,   344,   292,   253,   216,   182,   147,   110,   77,   53,   35,   23,   16,   11,   8,   5,   4,   2,   1,   1,   1,,,,,,,,,
7662,1975,  21 442,  19 883,  18 968,  18 302,  17 708,  17 172,  16 751,  16 355,  15 939,  15 573,  15 294,  15 029,  14 726,  14 405,  14 072,  13 724,  13 404,  13 115,  12 795,  12 452,  12 102,  11 719,  11 307,  10 894,  10 496,  10 121,  9 339,  8 582,  8 292,  8 032,  7 782,  7 560,  7 369,  7 211,  7 085,  6 991,  6 930,  6 846,  6 691,  6 497,  6 326,  6 177,  6 018,  5 858,  5 698,  5 537,  5 374,  5 212,  5 048,  4 884,  4 720,  4 554,  4 394,  4 244,  4 098,  3 951,  3 804,  3 654,  3 495,  3 332,  3 171,  3 008,  2 852,  2 713,  2 581,  2 445,  2 312,  2 169,  1 997,  1 813,  1 640,  1 471,  1 322,  1 208,  1 113,  1 016,   922,   820,   698,   574,   467,   374,   300,   252,   217,   183,   152,   122,   90,   62,   42,   28,   18,   12,   8,   6,   4,   3,   2,   1,   1,,,,,,,,,
7663,1976,  21 696,  20 141,  19 356,  18 691,  18 102,  17 551,  17 052,  16 663,  16 291,  15 893,  15 537,  15 261,  14 996,  14 690,  14 365,  14 027,  13 675,  13 351,  13 058,  12 736,  12 390,  12 038,  11 654,  11 242,  10 830,  10 433,  10 060,  9 282,  8 529,  8 240,  7 983,  7 734,  7 513,  7 323,  7 165,  7 039,  6 944,  6 883,  6 798,  6 642,  6 448,  6 277,  6 127,  5 967,  5 806,  5 646,  5 483,  5 318,  5 154,  4 988,  4 822,  4 656,  4 489,  4 326,  4 174,  4 026,  3 876,  3 725,  3 572,  3 410,  3 245,  3 081,  2 916,  2 758,  2 617,  2 483,  2 346,  2 213,  2 070,  1 899,  1 719,  1 548,  1 382,  1 235,  1 122,  1 027,   931,   839,   741,   626,   511,   413,   328,   260,   217,   184,   154,   126,   100,   73,   50,   33,   21,   13,   9,   6,   4,   3,   2,   1,   1,,,,,,,,,
7664,1977,  21 919,  20 417,  19 629,  19 085,  18 493,  17 945,  17 431,  16 964,  16 599,  16 246,  15 857,  15 504,  15 228,  14 961,  14 651,  14 322,  13 980,  13 624,  13 297,  13 002,  12 677,  12 331,  11 978,  11 593,  11 182,  10 771,  10 376,  10 004,  9 230,  8 481,  8 194,  7 938,  7 690,  7 470,  7 280,  7 123,  6 996,  6 900,  6 837,  6 752,  6 595,  6 400,  6 228,  6 078,  5 917,  5 755,  5 593,  5 428,  5 262,  5 095,  4 927,  4 759,  4 590,  4 421,  4 256,  4 101,  3 950,  3 797,  3 643,  3 487,  3 322,  3 154,  2 987,  2 820,  2 661,  2 519,  2 383,  2 246,  2 112,  1 970,  1 801,  1 624,  1 456,  1 293,  1 148,  1 036,   942,   848,   759,   665,   558,   452,   362,   285,   224,   184,   155,   128,   104,   81,   58,   39,   26,   16,   10,   7,   5,   3,   2,   1,   1,,,,,,,,,
7665,1978,  22 076,  20 671,  19 924,  19 368,  18 891,  18 339,  17 826,  17 343,  16 901,  16 555,  16 211,  15 826,  15 473,  15 195,  14 924,  14 611,  14 279,  13 935,  13 578,  13 249,  12 952,  12 627,  12 280,  11 927,  11 543,  11 132,  10 722,  10 329,  9 959,  9 189,  8 442,  8 157,  7 901,  7 654,  7 433,  7 243,  7 085,  6 957,  6 860,  6 796,  6 708,  6 550,  6 354,  6 182,  6 030,  5 868,  5 704,  5 540,  5 373,  5 204,  5 035,  4 865,  4 694,  4 523,  4 351,  4 183,  4 025,  3 871,  3 714,  3 557,  3 396,  3 229,  3 058,  2 889,  2 721,  2 560,  2 417,  2 281,  2 144,  2 010,  1 868,  1 702,  1 526,  1 361,  1 201,  1 060,   950,   857,   766,   681,   593,   493,   396,   314,   244,   190,   155,   129,   105,   84,   65,   46,   30,   20,   12,   7,   5,   3,   2,   1,   2,,,,,,,,,
7666,1979,  22 433,  20 861,  20 195,  19 671,  19 179,  18 738,  18 220,  17 738,  17 281,  16 857,  16 521,  16 180,  15 795,  15 440,  15 160,  14 886,  14 571,  14 237,  13 891,  13 532,  13 203,  12 906,  12 580,  12 232,  11 880,  11 496,  11 086,  10 678,  10 286,  9 918,  9 151,  8 407,  8 122,  7 867,  7 619,  7 399,  7 208,  7 049,  6 919,  6 821,  6 754,  6 665,  6 506,  6 309,  6 135,  5 982,  5 818,  5 652,  5 486,  5 316,  5 145,  4 973,  4 799,  4 626,  4 452,  4 277,  4 107,  3 945,  3 787,  3 626,  3 465,  3 301,  3 130,  2 957,  2 787,  2 618,  2 457,  2 313,  2 177,  2 040,  1 906,  1 764,  1 599,  1 427,  1 264,  1 108,   971,   864,   774,   687,   605,   523,   431,   343,   269,   207,   159,   128,   105,   84,   67,   51,   35,   23,   15,   9,   5,   3,   2,   1,   2,,,,,,,,,
7667,1980,  22 946,  21 242,  20 406,  19 952,  19 487,  19 028,  18 619,  18 132,  17 676,  17 238,  16 824,  16 491,  16 150,  15 765,  15 408,  15 125,  14 849,  14 532,  14 197,  13 851,  13 492,  13 162,  12 864,  12 538,  12 191,  11 839,  11 456,  11 047,  10 640,  10 250,  9 882,  9 117,  8 376,  8 091,  7 836,  7 588,  7 366,  7 174,  7 013,  6 882,  6 782,  6 713,  6 623,  6 462,  6 264,  6 089,  5 934,  5 767,  5 599,  5 429,  5 257,  5 082,  4 907,  4 732,  4 555,  4 379,  4 201,  4 026,  3 861,  3 698,  3 533,  3 368,  3 200,  3 027,  2 852,  2 681,  2 511,  2 350,  2 207,  2 070,  1 933,  1 799,  1 657,  1 494,  1 324,  1 165,  1 014,   882,   779,   692,   609,   533,   456,   372,   293,   227,   173,   131,   104,   84,   66,   52,   39,   27,   17,   11,   6,   4,   2,   1,   2,,,,,,,,,
7668,1981,  23 453,  21 769,  20 802,  20 171,  19 771,  19 337,  18 909,  18 530,  18 069,  17 632,  17 205,  16 795,  16 462,  16 121,  15 733,  15 374,  15 088,  14 811,  14 493,  14 157,  13 811,  13 451,  13 121,  12 823,  12 498,  12 151,  11 799,  11 417,  11 010,  10 603,  10 214,  9 847,  9 084,  8 345,  8 060,  7 804,  7 556,  7 333,  7 140,  6 977,  6 845,  6 742,  6 672,  6 579,  6 418,  6 218,  6 041,  5 883,  5 714,  5 542,  5 370,  5 194,  5 017,  4 839,  4 660,  4 481,  4 301,  4 119,  3 941,  3 771,  3 603,  3 434,  3 265,  3 095,  2 919,  2 743,  2 572,  2 402,  2 242,  2 098,  1 961,  1 824,  1 689,  1 547,  1 386,  1 220,  1 065,   920,   794,   696,   613,   535,   464,   393,   317,   246,   189,   142,   106,   83,   66,   51,   39,   29,   19,   12,   7,   4,   3,   2,   2,,,,,,,,,
7669,1982,  23 839,  22 288,  21 338,  20 571,  19 993,  19 621,  19 216,  18 819,  18 466,  18 025,  17 600,  17 175,  16 766,  16 432,  16 089,  15 698,  15 337,  15 049,  14 770,  14 451,  14 114,  13 767,  13 407,  13 077,  12 780,  12 454,  12 108,  11 757,  11 376,  10 970,  10 564,  10 176,  9 810,  9 049,  8 311,  8 026,  7 770,  7 521,  7 297,  7 103,  6 939,  6 805,  6 701,  6 629,  6 534,  6 371,  6 170,  5 990,  5 829,  5 657,  5 482,  5 306,  5 128,  4 948,  4 767,  4 586,  4 403,  4 219,  4 033,  3 850,  3 675,  3 503,  3 330,  3 158,  2 985,  2 808,  2 631,  2 460,  2 291,  2 131,  1 987,  1 850,  1 712,  1 576,  1 434,  1 276,  1 115,   966,   828,   709,   616,   539,   466,   399,   334,   267,   204,   155,   114,   84,   65,   51,   39,   29,   21,   14,   9,   5,   3,   2,   2,,,,,,,,,
7670,1983,  24 188,  22 693,  21 868,  21 112,  20 395,  19 844,  19 500,  19 126,  18 755,  18 423,  17 993,  17 571,  17 148,  16 738,  16 401,  16 055,  15 662,  15 299,  15 010,  14 729,  14 409,  14 071,  13 724,  13 365,  13 035,  12 738,  12 413,  12 068,  11 717,  11 337,  10 931,  10 527,  10 139,  9 773,  9 014,  8 278,  7 993,  7 736,  7 486,  7 261,  7 065,  6 900,  6 765,  6 660,  6 585,  6 489,  6 323,  6 119,  5 936,  5 772,  5 596,  5 418,  5 240,  5 059,  4 876,  4 693,  4 508,  4 321,  4 133,  3 942,  3 754,  3 574,  3 398,  3 221,  3 046,  2 872,  2 694,  2 517,  2 346,  2 178,  2 018,  1 874,  1 736,  1 597,  1 461,  1 320,  1 166,  1 011,   870,   740,   628,   541,   468,   401,   339,   281,   221,   167,   125,   91,   66,   50,   39,   29,   21,   15,   10,   6,   3,   2,   3,,,,,,,,,
7671,1984,  24 611,  23 060,  22 284,  21 645,  20 936,  20 246,  19 724,  19 409,  19 062,  18 711,  18 391,  17 964,  17 544,  17 119,  16 707,  16 369,  16 020,  15 625,  15 259,  14 969,  14 687,  14 366,  14 029,  13 682,  13 324,  12 994,  12 697,  12 373,  12 028,  11 678,  11 299,  10 894,  10 490,  10 103,  9 737,  8 980,  8 245,  7 959,  7 701,  7 450,  7 224,  7 027,  6 861,  6 724,  6 617,  6 540,  6 441,  6 272,  6 065,  5 879,  5 711,  5 533,  5 352,  5 172,  4 988,  4 802,  4 616,  4 427,  4 235,  4 042,  3 845,  3 652,  3 468,  3 288,  3 109,  2 932,  2 756,  2 578,  2 402,  2 231,  2 063,  1 904,  1 759,  1 620,  1 481,  1 346,  1 207,  1 058,   911,   778,   656,   552,   471,   403,   341,   285,   233,   181,   135,   99,   71,   51,   38,   29,   21,   15,   11,   7,   4,   2,   3,,,,,,,,,
7672,1985,  24 967,  23 495,  22 660,  22 065,  21 469,  20 786,  20 125,  19 633,  19 345,  19 019,  18 680,  18 363,  17 937,  17 515,  17 089,  16 674,  16 332,  15 981,  15 584,  15 217,  14 925,  14 642,  14 321,  13 984,  13 638,  13 280,  12 952,  12 655,  12 332,  11 987,  11 638,  11 259,  10 855,  10 452,  10 064,  9 699,  8 943,  8 209,  7 923,  7 664,  7 412,  7 186,  6 988,  6 821,  6 682,  6 573,  6 493,  6 390,  6 218,  6 008,  5 819,  5 648,  5 466,  5 284,  5 100,  4 914,  4 725,  4 534,  4 340,  4 144,  3 944,  3 743,  3 546,  3 358,  3 176,  2 994,  2 816,  2 639,  2 461,  2 285,  2 114,  1 947,  1 787,  1 642,  1 503,  1 364,  1 231,  1 096,   954,   815,   690,   577,   481,   406,   343,   286,   236,   190,   146,   107,   78,   55,   38,   28,   21,   15,   11,   7,   5,   3,   3,,,,,,,,,
7673,1986,  25 356,  23 865,  23 103,  22 445,  21 891,  21 319,  20 665,  20 034,  19 570,  19 303,  18 987,  18 652,  18 335,  17 909,  17 484,  17 054,  16 636,  16 291,  15 937,  15 538,  15 169,  14 876,  14 594,  14 273,  13 937,  13 592,  13 234,  12 907,  12 611,  12 288,  11 944,  11 595,  11 217,  10 813,  10 411,  10 023,  9 658,  8 903,  8 171,  7 884,  7 625,  7 373,  7 146,  6 947,  6 778,  6 637,  6 525,  6 442,  6 335,  6 160,  5 947,  5 755,  5 581,  5 397,  5 212,  5 026,  4 836,  4 643,  4 447,  4 248,  4 046,  3 841,  3 636,  3 435,  3 245,  3 060,  2 876,  2 697,  2 520,  2 342,  2 166,  1 995,  1 828,  1 669,  1 524,  1 386,  1 249,  1 119,   989,   855,   724,   608,   503,   414,   345,   288,   237,   193,   154,   116,   84,   60,   41,   29,   20,   15,   11,   7,   5,   3,   4,,,,,,,,,
7674,1987,  25 622,  24 268,  23 481,  22 892,  22 275,  21 744,  21 200,  20 575,  19 972,  19 528,  19 271,  18 959,  18 625,  18 306,  17 877,  17 449,  17 015,  16 594,  16 246,  15 889,  15 489,  15 119,  14 826,  14 544,  14 224,  13 888,  13 544,  13 187,  12 860,  12 565,  12 243,  11 899,  11 552,  11 174,  10 771,  10 368,  9 981,  9 616,  8 863,  8 132,  7 845,  7 585,  7 332,  7 104,  6 904,  6 733,  6 590,  6 475,  6 388,  6 277,  6 098,  5 883,  5 688,  5 512,  5 326,  5 138,  4 948,  4 754,  4 555,  4 354,  4 149,  3 942,  3 733,  3 524,  3 321,  3 128,  2 941,  2 757,  2 577,  2 399,  2 221,  2 045,  1 875,  1 708,  1 550,  1 406,  1 269,  1 136,  1 011,   887,   760,   638,   530,   434,   353,   290,   239,   194,   156,   122,   91,   65,   45,   31,   21,   15,   10,   7,   5,   3,   4,,,,,,,,,
7675,1988,  25 732,  24 555,  23 893,  23 277,  22 728,  22 133,  21 628,  21 112,  20 514,  19 931,  19 498,  19 244,  18 933,  18 596,  18 275,  17 842,  17 411,  16 975,  16 551,  16 201,  15 843,  15 442,  15 073,  14 780,  14 497,  14 178,  13 843,  13 499,  13 144,  12 817,  12 522,  12 200,  11 858,  11 510,  11 133,  10 729,  10 327,  9 940,  9 574,  8 823,  8 094,  7 806,  7 546,  7 292,  7 062,  6 860,  6 687,  6 541,  6 422,  6 331,  6 216,  6 035,  5 816,  5 619,  5 440,  5 250,  5 058,  4 864,  4 665,  4 461,  4 254,  4 044,  3 833,  3 621,  3 409,  3 204,  3 009,  2 821,  2 635,  2 454,  2 277,  2 098,  1 923,  1 753,  1 588,  1 432,  1 289,  1 156,  1 027,   906,   789,   669,   557,   457,   370,   297,   241,   196,   157,   124,   96,   70,   49,   34,   22,   15,   10,   7,   5,   3,   5,,,,,,,,,
7676,1989,  25 899,  24 692,  24 190,  23 695,  23 118,  22 591,  22 022,  21 544,  21 053,  20 474,  19 902,  19 471,  19 218,  18 905,  18 566,  18 241,  17 806,  17 372,  16 934,  16 509,  16 158,  15 800,  15 400,  15 031,  14 738,  14 456,  14 137,  13 803,  13 459,  13 104,  12 778,  12 483,  12 161,  11 818,  11 470,  11 093,  10 690,  10 287,  9 900,  9 534,  8 784,  8 056,  7 767,  7 506,  7 250,  7 019,  6 814,  6 639,  6 489,  6 367,  6 272,  6 153,  5 968,  5 747,  5 547,  5 364,  5 170,  4 974,  4 775,  4 570,  4 361,  4 149,  3 934,  3 719,  3 504,  3 290,  3 083,  2 887,  2 697,  2 511,  2 330,  2 152,  1 974,  1 799,  1 631,  1 468,  1 314,  1 175,  1 045,   922,   806,   695,   584,   480,   390,   311,   247,   198,   158,   125,   98,   74,   53,   37,   25,   16,   10,   7,   5,   3,   5,,,,,,,,,
7677,1990,  25 964,  24 884,  24 341,  24 000,  23 543,  22 987,  22 484,  21 942,  21 487,  21 015,  20 446,  19 876,  19 446,  19 191,  18 876,  18 533,  18 207,  17 769,  17 334,  16 896,  16 471,  16 120,  15 762,  15 362,  14 994,  14 701,  14 419,  14 101,  13 766,  13 423,  13 068,  12 741,  12 446,  12 124,  11 781,  11 433,  11 055,  10 651,  10 249,  9 861,  9 494,  8 745,  8 018,  7 728,  7 465,  7 208,  6 974,  6 767,  6 588,  6 435,  6 309,  6 210,  6 087,  5 899,  5 674,  5 470,  5 283,  5 085,  4 883,  4 679,  4 468,  4 254,  4 038,  3 820,  3 601,  3 384,  3 168,  2 960,  2 762,  2 572,  2 385,  2 204,  2 025,  1 848,  1 675,  1 509,  1 348,  1 199,  1 064,   939,   820,   711,   607,   505,   410,   329,   259,   203,   160,   126,   98,   75,   56,   40,   27,   18,   11,   7,   5,   3,   5,,,,,,,,,
7678,1991,  26 102,  24 974,  24 542,  24 157,  23 853,  23 415,  22 883,  22 405,  21 886,  21 449,  20 986,  20 420,  19 851,  19 419,  19 161,  18 842,  18 497,  18 168,  17 730,  17 294,  16 855,  16 430,  16 079,  15 721,  15 321,  14 953,  14 661,  14 379,  14 061,  13 727,  13 384,  13 029,  12 702,  12 407,  12 084,  11 741,  11 392,  11 014,  10 611,  10 208,  9 820,  9 452,  8 704,  7 978,  7 686,  7 421,  7 161,  6 925,  6 715,  6 533,  6 377,  6 247,  6 143,  6 017,  5 825,  5 597,  5 388,  5 196,  4 993,  4 786,  4 576,  4 360,  4 141,  3 921,  3 700,  3 479,  3 260,  3 043,  2 834,  2 635,  2 444,  2 257,  2 076,  1 898,  1 722,  1 551,  1 387,  1 231,  1 086,   956,   837,   725,   622,   526,   432,   347,   275,   213,   164,   128,   99,   76,   57,   42,   29,   19,   12,   8,   5,   3,   5,,,,,,,,,
7679,1992,  26 314,  25 134,  24 643,  24 365,  24 014,  23 728,  23 314,  22 807,  22 351,  21 848,  21 421,  20 960,  20 394,  19 824,  19 389,  19 128,  18 806,  18 458,  18 127,  17 687,  17 251,  16 812,  16 386,  16 035,  15 678,  15 278,  14 911,  14 618,  14 337,  14 019,  13 685,  13 342,  12 988,  12 661,  12 366,  12 043,  11 699,  11 350,  10 972,  10 568,  10 165,  9 776,  9 408,  8 660,  7 934,  7 641,  7 374,  7 111,  6 872,  6 660,  6 474,  6 314,  6 180,  6 073,  5 942,  5 746,  5 514,  5 301,  5 103,  4 895,  4 682,  4 466,  4 246,  4 023,  3 800,  3 576,  3 354,  3 133,  2 915,  2 705,  2 506,  2 314,  2 127,  1 946,  1 769,  1 595,  1 427,  1 268,  1 117,   978,   854,   740,   635,   539,   451,   366,   290,   226,   173,   132,   101,   77,   58,   43,   31,   21,   14,   9,   5,   3,   5,,,,,,,,,
7680,1993,  26 411,  25 367,  24 815,  24 473,  24 227,  23 895,  23 630,  23 238,  22 753,  22 314,  21 820,  21 395,  20 935,  20 368,  19 795,  19 358,  19 094,  18 769,  18 420,  18 088,  17 647,  17 210,  16 771,  16 345,  15 995,  15 637,  15 238,  14 871,  14 579,  14 297,  13 979,  13 645,  13 303,  12 948,  12 621,  12 326,  12 002,  11 658,  11 309,  10 930,  10 525,  10 121,  9 731,  9 361,  8 614,  7 889,  7 593,  7 323,  7 058,  6 816,  6 600,  6 411,  6 248,  6 110,  5 998,  5 863,  5 662,  5 426,  5 208,  5 004,  4 789,  4 571,  4 351,  4 126,  3 901,  3 674,  3 449,  3 224,  3 003,  2 784,  2 573,  2 374,  2 182,  1 996,  1 815,  1 640,  1 469,  1 305,  1 152,  1 007,   875,   757,   650,   552,   463,   382,   306,   240,   185,   139,   104,   79,   59,   44,   32,   22,   15,   9,   6,   3,   5,,,,,,,,,
7681,1994,  26 523,  25 488,  25 058,  24 651,  24 341,  24 111,  23 799,  23 556,  23 185,  22 716,  22 286,  21 796,  21 371,  20 909,  20 340,  19 765,  19 325,  19 059,  18 733,  18 382,  18 049,  17 608,  17 171,  16 732,  16 306,  15 955,  15 598,  15 199,  14 832,  14 540,  14 258,  13 940,  13 607,  13 264,  12 909,  12 582,  12 286,  11 962,  11 617,  11 267,  10 887,  10 481,  10 076,  9 685,  9 313,  8 566,  7 841,  7 542,  7 269,  7 001,  6 755,  6 536,  6 344,  6 177,  6 036,  5 920,  5 779,  5 574,  5 332,  5 108,  4 898,  4 677,  4 454,  4 229,  4 002,  3 773,  3 545,  3 317,  3 092,  2 869,  2 650,  2 440,  2 240,  2 049,  1 863,  1 684,  1 512,  1 346,  1 188,  1 040,   903,   777,   666,   566,   475,   394,   321,   254,   196,   149,   111,   82,   60,   45,   32,   23,   16,   10,   6,   4,   6,,,,,,,,,
7682,1995,  26 681,  25 628,  25 191,  24 900,  24 523,  24 228,  24 017,  23 727,  23 504,  23 149,  22 689,  22 261,  21 771,  21 345,  20 881,  20 310,  19 732,  19 290,  19 022,  18 694,  18 342,  18 008,  17 567,  17 129,  16 690,  16 265,  15 914,  15 557,  15 158,  14 791,  14 499,  14 218,  13 900,  13 566,  13 224,  12 869,  12 541,  12 244,  11 919,  11 573,  11 222,  10 841,  10 434,  10 028,  9 635,  9 261,  8 514,  7 788,  7 487,  7 210,  6 938,  6 690,  6 468,  6 273,  6 103,  5 958,  5 837,  5 690,  5 479,  5 232,  5 001,  4 785,  4 559,  4 331,  4 103,  3 872,  3 641,  3 411,  3 183,  2 956,  2 733,  2 514,  2 304,  2 104,  1 914,  1 730,  1 554,  1 387,  1 226,  1 075,   934,   804,   686,   582,   489,   405,   332,   267,   209,   159,   119,   87,   63,   46,   33,   24,   16,   11,   7,   4,   6,,,,,,,,,
7683,1996,  26 760,  25 817,  25 341,  25 038,  24 776,  24 414,  24 137,  23 947,  23 676,  23 468,  23 122,  22 665,  22 237,  21 746,  21 317,  20 850,  20 276,  19 696,  19 252,  18 981,  18 652,  18 299,  17 964,  17 522,  17 084,  16 645,  16 221,  15 870,  15 513,  15 114,  14 748,  14 456,  14 175,  13 857,  13 524,  13 181,  12 825,  12 497,  12 199,  11 873,  11 526,  11 173,  10 791,  10 384,  9 976,  9 581,  9 205,  8 457,  7 731,  7 426,  7 146,  6 871,  6 620,  6 396,  6 198,  6 025,  5 875,  5 748,  5 595,  5 377,  5 124,  4 888,  4 666,  4 435,  4 204,  3 972,  3 739,  3 506,  3 274,  3 045,  2 818,  2 595,  2 376,  2 166,  1 968,  1 780,  1 599,  1 428,  1 266,  1 112,   967,   834,   712,   601,   504,   418,   343,   277,   220,   170,   128,   94,   68,   48,   34,   24,   17,   12,   8,   5,   7,,,,,,,,,
7684,1997,  26 808,  25 930,  25 541,  25 195,  24 919,  24 670,  24 327,  24 069,  23 897,  23 641,  23 441,  23 098,  22 641,  22 212,  21 718,  21 286,  20 817,  20 240,  19 658,  19 212,  18 940,  18 609,  18 255,  17 919,  17 477,  17 040,  16 601,  16 176,  15 826,  15 469,  15 071,  14 705,  14 413,  14 132,  13 814,  13 481,  13 137,  12 781,  12 452,  12 152,  11 825,  11 476,  11 122,  10 739,  10 330,  9 920,  9 523,  9 144,  8 396,  7 670,  7 362,  7 079,  6 801,  6 547,  6 319,  6 118,  5 941,  5 786,  5 652,  5 492,  5 268,  5 010,  4 768,  4 541,  4 306,  4 071,  3 836,  3 600,  3 366,  3 133,  2 904,  2 677,  2 454,  2 237,  2 029,  1 833,  1 648,  1 471,  1 305,  1 150,  1 002,   865,   740,   625,   522,   433,   355,   287,   229,   180,   137,   101,   74,   52,   36,   25,   18,   12,   8,   5,   7,,,,,,,,,
7685,1998,  26 881,  26 014,  25 666,  25 401,  25 082,  24 819,  24 586,  24 261,  24 022,  23 864,  23 615,  23 417,  23 074,  22 615,  22 183,  21 687,  21 252,  20 780,  20 201,  19 618,  19 171,  18 897,  18 565,  18 210,  17 873,  17 431,  16 994,  16 555,  16 131,  15 781,  15 425,  15 027,  14 661,  14 370,  14 089,  13 770,  13 436,  13 092,  12 734,  12 403,  12 102,  11 773,  11 424,  11 069,  10 684,  10 273,  9 862,  9 462,  9 080,  8 332,  7 605,  7 294,  7 007,  6 727,  6 469,  6 238,  6 033,  5 850,  5 690,  5 550,  5 383,  5 154,  4 891,  4 644,  4 412,  4 172,  3 933,  3 695,  3 458,  3 222,  2 990,  2 760,  2 535,  2 314,  2 098,  1 893,  1 700,  1 519,  1 348,  1 188,  1 038,   898,   768,   651,   544,   449,   368,   298,   238,   188,   145,   109,   79,   57,   39,   27,   18,   13,   8,   6,   8,,,,,,,,,
7686,1999,  26 930,  26 119,  25 760,  25 532,  25 292,  24 985,  24 738,  24 523,  24 215,  23 989,  23 838,  23 591,  23 393,  23 048,  22 586,  22 151,  21 651,  21 214,  20 739,  20 159,  19 574,  19 125,  18 850,  18 517,  18 161,  17 824,  17 382,  16 945,  16 508,  16 084,  15 734,  15 378,  14 982,  14 616,  14 324,  14 042,  13 723,  13 388,  13 042,  12 683,  12 351,  12 048,  11 718,  11 368,  11 011,  10 625,  10 213,  9 799,  9 397,  9 012,  8 263,  7 537,  7 222,  6 931,  6 647,  6 385,  6 150,  5 940,  5 754,  5 588,  5 442,  5 269,  5 035,  4 766,  4 514,  4 276,  4 032,  3 789,  3 550,  3 312,  3 077,  2 845,  2 616,  2 392,  2 174,  1 961,  1 759,  1 570,  1 394,  1 228,  1 074,   931,   798,   677,   568,   470,   384,   311,   249,   196,   152,   116,   86,   61,   43,   29,   20,   13,   9,   6,   9,,,,,,,,,
7687,2000,  27 080,  26 203,  25 877,  25 633,  25 429,  25 200,  24 908,  24 678,  24 479,  24 183,  23 964,  23 814,  23 567,  23 366,  23 017,  22 552,  22 113,  21 611,  21 171,  20 694,  20 112,  19 526,  19 076,  18 799,  18 465,  18 109,  17 772,  17 331,  16 895,  16 458,  16 035,  15 686,  15 331,  14 934,  14 568,  14 275,  13 993,  13 672,  13 336,  12 989,  12 629,  12 296,  11 992,  11 661,  11 309,  10 951,  10 563,  10 149,  9 733,  9 328,  8 940,  8 191,  7 464,  7 145,  6 850,  6 560,  6 295,  6 056,  5 843,  5 653,  5 482,  5 330,  5 150,  4 909,  4 635,  4 377,  4 134,  3 887,  3 642,  3 402,  3 164,  2 929,  2 698,  2 472,  2 251,  2 035,  1 826,  1 628,  1 443,  1 271,  1 111,   964,   828,   704,   592,   491,   402,   325,   260,   205,   159,   122,   91,   66,   47,   32,   21,   14,   9,   6,   10,,,,,,,,,
7688,2001,  27 347,  26 385,  25 972,  25 757,  25 535,  25 341,  25 127,  24 850,  24 635,  24 448,  24 158,  23 940,  23 790,  23 540,  23 336,  22 983,  22 513,  22 072,  21 566,  21 124,  20 646,  20 062,  19 475,  19 024,  18 746,  18 412,  18 056,  17 719,  17 279,  16 844,  16 408,  15 986,  15 637,  15 281,  14 884,  14 517,  14 224,  13 940,  13 619,  13 282,  12 934,  12 574,  12 239,  11 933,  11 600,  11 247,  10 887,  10 497,  10 081,  9 663,  9 255,  8 863,  8 113,  7 386,  7 062,  6 762,  6 469,  6 201,  5 959,  5 742,  5 547,  5 371,  5 212,  5 025,  4 777,  4 498,  4 234,  3 988,  3 738,  3 492,  3 251,  3 014,  2 780,  2 552,  2 328,  2 110,  1 897,  1 692,  1 498,  1 318,  1 151,   998,   858,   731,   616,   513,   421,   341,   271,   214,   166,   127,   96,   71,   50,   35,   23,   15,   10,   6,   10,,,,,,,,,
7689,2002,  27 403,  26 680,  26 165,  25 858,  25 663,  25 451,  25 270,  25 071,  24 809,  24 605,  24 423,  24 135,  23 916,  23 763,  23 509,  23 300,  22 943,  22 471,  22 027,  21 519,  21 075,  20 595,  20 010,  19 422,  18 970,  18 692,  18 358,  18 003,  17 667,  17 228,  16 794,  16 358,  15 935,  15 585,  15 229,  14 831,  14 464,  14 170,  13 886,  13 565,  13 227,  12 879,  12 517,  12 181,  11 873,  11 538,  11 181,  10 819,  10 427,  10 009,  9 587,  9 176,  8 780,  8 030,  7 303,  6 975,  6 671,  6 375,  6 104,  5 858,  5 637,  5 437,  5 254,  5 087,  4 892,  4 638,  4 355,  4 088,  3 838,  3 586,  3 339,  3 099,  2 862,  2 631,  2 405,  2 184,  1 969,  1 760,  1 558,  1 369,  1 194,  1 035,   889,   758,   640,   534,   440,   357,   285,   224,   173,   133,   100,   74,   54,   38,   25,   17,   11,   7,   11,,,,,,,,,
7690,2003,  27 208,  26 772,  26 470,  26 056,  25 769,  25 583,  25 384,  25 217,  25 031,  24 780,  24 581,  24 401,  24 112,  23 890,  23 732,  23 474,  23 261,  22 900,  22 425,  21 979,  21 469,  21 023,  20 542,  19 956,  19 367,  18 915,  18 637,  18 304,  17 950,  17 615,  17 177,  16 743,  16 306,  15 883,  15 532,  15 174,  14 776,  14 410,  14 117,  13 833,  13 512,  13 173,  12 823,  12 459,  12 120,  11 809,  11 471,  11 112,  10 747,  10 352,  9 930,  9 506,  9 092,  8 693,  7 943,  7 217,  6 887,  6 579,  6 279,  6 003,  5 752,  5 526,  5 319,  5 130,  4 955,  4 754,  4 495,  4 208,  3 938,  3 685,  3 431,  3 184,  2 944,  2 709,  2 481,  2 258,  2 040,  1 828,  1 622,  1 425,  1 242,  1 074,   922,   785,   662,   554,   457,   372,   298,   234,   181,   138,   104,   77,   56,   40,   27,   18,   12,   7,   11,,,,,,,,,
7691,2004,  26 978,  26 620,  26 572,  26 366,  25 971,  25 692,  25 518,  25 332,  25 178,  25 002,  24 757,  24 559,  24 378,  24 086,  23 860,  23 698,  23 435,  23 218,  22 855,  22 378,  21 929,  21 418,  20 970,  20 487,  19 901,  19 313,  18 862,  18 584,  18 252,  17 899,  17 565,  17 126,  16 691,  16 253,  15 828,  15 476,  15 119,  14 722,  14 357,  14 065,  13 781,  13 460,  13 119,  12 767,  12 400,  12 057,  11 742,  11 399,  11 036,  10 668,  10 270,  9 846,  9 420,  9 005,  8 604,  7 856,  7 131,  6 797,  6 484,  6 179,  5 897,  5 640,  5 408,  5 195,  5 000,  4 819,  4 612,  4 348,  4 057,  3 784,  3 528,  3 272,  3 025,  2 786,  2 554,  2 328,  2 108,  1 894,  1 685,  1 484,  1 293,  1 116,   957,   813,   685,   572,   473,   385,   309,   244,   189,   144,   108,   80,   58,   41,   29,   19,   13,   8,   12,,,,,,,,,
7692,2005,  26 669,  26 433,  26 432,  26 473,  26 284,  25 897,  25 629,  25 468,  25 294,  25 150,  24 979,  24 735,  24 536,  24 351,  24 055,  23 824,  23 657,  23 390,  23 170,  22 803,  22 323,  21 872,  21 359,  20 911,  20 427,  19 841,  19 254,  18 805,  18 529,  18 198,  17 845,  17 510,  17 070,  16 633,  16 193,  15 768,  15 417,  15 061,  14 667,  14 304,  14 013,  13 729,  13 405,  13 063,  12 706,  12 335,  11 987,  11 667,  11 320,  10 953,  10 581,  10 182,  9 758,  9 332,  8 916,  8 514,  7 768,  7 043,  6 702,  6 383,  6 071,  5 782,  5 520,  5 283,  5 066,  4 866,  4 679,  4 465,  4 196,  3 901,  3 624,  3 365,  3 109,  2 863,  2 627,  2 397,  2 174,  1 958,  1 747,  1 543,  1 347,  1 163,   994,   843,   709,   590,   487,   397,   319,   253,   197,   150,   112,   82,   59,   42,   30,   20,   13,   8,   13,,,,,,,,,
7693,2006,  26 281,  26 163,  26 254,  26 337,  26 394,  26 211,  25 835,  25 580,  25 430,  25 266,  25 127,  24 957,  24 711,  24 509,  24 320,  24 018,  23 781,  23 608,  23 336,  23 111,  22 741,  22 258,  21 805,  21 291,  20 841,  20 358,  19 774,  19 189,  18 742,  18 467,  18 137,  17 784,  17 447,  17 006,  16 568,  16 128,  15 705,  15 356,  15 003,  14 611,  14 250,  13 959,  13 673,  13 347,  13 000,  12 639,  12 262,  11 909,  11 584,  11 233,  10 863,  10 490,  10 091,  9 668,  9 243,  8 827,  8 422,  7 675,  6 948,  6 600,  6 273,  5 953,  5 659,  5 393,  5 153,  4 932,  4 727,  4 533,  4 312,  4 037,  3 738,  3 457,  3 197,  2 943,  2 699,  2 465,  2 239,  2 019,  1 806,  1 599,  1 401,  1 212,  1 036,   876,   734,   609,   501,   408,   328,   260,   203,   155,   116,   85,   61,   43,   30,   21,   14,   9,   13,,,,,,,,,
7694,2007,  26 018,  25 816,  25 995,  26 165,  26 262,  26 324,  26 151,  25 787,  25 543,  25 403,  25 244,  25 105,  24 935,  24 685,  24 478,  24 282,  23 974,  23 731,  23 552,  23 275,  23 046,  22 672,  22 187,  21 732,  21 217,  20 768,  20 287,  19 705,  19 123,  18 677,  18 403,  18 073,  17 719,  17 381,  16 938,  16 500,  16 062,  15 641,  15 295,  14 945,  14 555,  14 194,  13 901,  13 613,  13 282,  12 931,  12 564,  12 182,  11 824,  11 495,  11 141,  10 770,  10 397,  10 000,  9 578,  9 153,  8 734,  8 324,  7 573,  6 843,  6 487,  6 153,  5 828,  5 531,  5 262,  5 019,  4 793,  4 581,  4 379,  4 149,  3 869,  3 567,  3 285,  3 026,  2 774,  2 533,  2 302,  2 079,  1 863,  1 654,  1 452,  1 260,  1 079,   912,   761,   630,   516,   419,   336,   267,   208,   160,   120,   88,   63,   44,   31,   21,   14,   9,   14,,,,,,,,,
7695,2008,  25 888,  25 590,  25 660,  25 912,  26 094,  26 196,  26 267,  26 105,  25 752,  25 517,  25 381,  25 223,  25 083,  24 909,  24 654,  24 440,  24 238,  23 923,  23 674,  23 489,  23 208,  22 974,  22 598,  22 111,  21 656,  21 141,  20 694,  20 214,  19 635,  19 056,  18 612,  18 338,  18 006,  17 651,  17 312,  16 869,  16 432,  15 997,  15 579,  15 235,  14 886,  14 497,  14 135,  13 839,  13 547,  13 212,  12 855,  12 483,  12 097,  11 735,  11 402,  11 046,  10 676,  10 304,  9 907,  9 485,  9 057,  8 633,  8 215,  7 461,  6 728,  6 365,  6 026,  5 698,  5 398,  5 126,  4 877,  4 646,  4 426,  4 214,  3 977,  3 693,  3 391,  3 111,  2 854,  2 604,  2 366,  2 138,  1 918,  1 706,  1 501,  1 306,  1 121,   949,   792,   653,   533,   431,   345,   273,   213,   164,   123,   90,   64,   45,   31,   21,   14,   9,   14,,,,,,,,,
7696,2009,  25 836,  25 494,  25 444,  25 583,  25 846,  26 033,  26 143,  26 223,  26 071,  25 727,  25 496,  25 361,  25 201,  25 058,  24 878,  24 617,  24 396,  24 187,  23 866,  23 611,  23 422,  23 136,  22 899,  22 521,  22 034,  21 579,  21 066,  20 621,  20 144,  19 567,  18 989,  18 546,  18 271,  17 939,  17 582,  17 243,  16 801,  16 366,  15 933,  15 517,  15 174,  14 825,  14 435,  14 071,  13 771,  13 475,  13 135,  12 774,  12 398,  12 008,  11 643,  11 307,  10 951,  10 580,  10 208,  9 809,  9 384,  8 951,  8 520,  8 094,  7 337,  6 604,  6 236,  5 893,  5 562,  5 258,  4 981,  4 727,  4 488,  4 259,  4 040,  3 798,  3 512,  3 213,  2 936,  2 681,  2 434,  2 199,  1 974,  1 757,  1 549,  1 351,  1 163,   987,   825,   680,   553,   445,   355,   280,   218,   168,   126,   93,   66,   46,   32,   21,   14,   9,   14,,,,,,,,,
7697,2010,  25 736,  25 476,  25 361,  25 374,  25 524,  25 791,  25 985,  26 103,  26 192,  26 048,  25 708,  25 477,  25 341,  25 178,  25 031,  24 845,  24 578,  24 352,  24 137,  23 811,  23 552,  23 359,  23 071,  22 833,  22 454,  21 967,  21 513,  21 002,  20 559,  20 083,  19 508,  18 931,  18 487,  18 211,  17 877,  17 520,  17 180,  16 739,  16 305,  15 872,  15 457,  15 113,  14 763,  14 371,  14 004,  13 701,  13 400,  13 057,  12 691,  12 312,  11 918,  11 550,  11 213,  10 854,  10 481,  10 106,  9 703,  9 273,  8 834,  8 396,  7 962,  7 206,  6 474,  6 101,  5 754,  5 418,  5 110,  4 827,  4 566,  4 320,  4 085,  3 861,  3 615,  3 331,  3 034,  2 760,  2 507,  2 263,  2 031,  1 809,  1 597,  1 395,  1 203,  1 024,   859,   710,   577,   463,   368,   289,   224,   172,   129,   95,   68,   48,   33,   22,   14,   9,   14,,,,,,,,,
7698,2011,  25 533,  25 411,  25 355,  25 299,  25 323,  25 476,  25 749,  25 950,  26 076,  26 171,  26 031,  25 691,  25 460,  25 321,  25 155,  25 002,  24 813,  24 541,  24 311,  24 092,  23 764,  23 502,  23 307,  23 017,  22 778,  22 399,  21 913,  21 460,  20 950,  20 508,  20 033,  19 458,  18 880,  18 435,  18 157,  17 822,  17 464,  17 123,  16 682,  16 247,  15 814,  15 397,  15 052,  14 700,  14 306,  13 935,  13 629,  13 325,  12 977,  12 608,  12 225,  11 828,  11 456,  11 114,  10 752,  10 374,  9 994,  9 587,  9 151,  8 706,  8 261,  7 822,  7 066,  6 336,  5 959,  5 606,  5 266,  4 952,  4 664,  4 397,  4 146,  3 907,  3 678,  3 432,  3 149,  2 855,  2 584,  2 334,  2 092,  1 863,  1 646,  1 440,  1 245,  1 063,   894,   741,   605,   485,   384,   300,   232,   177,   133,   98,   71,   50,   34,   23,   15,   10,   15,,,,,,,,,
7699,2012,  25 295,  25 239,  25 299,  25 300,  25 253,  25 280,  25 438,  25 717,  25 925,  26 057,  26 155,  26 015,  25 674,  25 441,  25 299,  25 129,  24 973,  24 779,  24 505,  24 271,  24 050,  23 719,  23 456,  23 259,  22 968,  22 729,  22 350,  21 864,  21 413,  20 904,  20 462,  19 987,  19 411,  18 833,  18 386,  18 106,  17 769,  17 410,  17 067,  16 624,  16 189,  15 754,  15 336,  14 989,  14 635,  14 238,  13 865,  13 556,  13 247,  12 896,  12 522,  12 134,  11 732,  11 356,  11 009,  10 640,  10 258,  9 872,  9 460,  9 019,  8 569,  8 119,  7 674,  6 919,  6 191,  5 809,  5 451,  5 106,  4 787,  4 495,  4 224,  3 969,  3 727,  3 496,  3 248,  2 967,  2 676,  2 408,  2 161,  1 923,  1 699,  1 488,  1 289,  1 104,   932,   776,   635,   511,   405,   316,   243,   185,   139,   102,   74,   52,   36,   24,   16,   10,   15,,,,,,,,,
7700,2013,  25 040,  25 028,  25 136,  25 248,  25 257,  25 213,  25 245,  25 409,  25 695,  25 907,  26 042,  26 140,  25 999,  25 656,  25 420,  25 274,  25 101,  24 941,  24 744,  24 467,  24 231,  24 008,  23 675,  23 410,  23 213,  22 922,  22 682,  22 303,  21 818,  21 367,  20 859,  20 417,  19 941,  19 365,  18 785,  18 337,  18 055,  17 716,  17 354,  17 010,  16 566,  16 129,  15 693,  15 273,  14 924,  14 567,  14 168,  13 792,  13 479,  13 166,  12 809,  12 430,  12 037,  11 629,  11 246,  10 893,  10 519,  10 131,  9 741,  9 324,  8 878,  8 423,  7 968,  7 518,  6 764,  6 039,  5 652,  5 289,  4 941,  4 619,  4 323,  4 050,  3 792,  3 547,  3 314,  3 065,  2 785,  2 498,  2 233,  1 991,  1 758,  1 541,  1 338,  1 148,   973,   813,   669,   541,   430,   336,   258,   196,   146,   108,   78,   55,   38,   26,   17,   11,   16,,,,,,,,,
7701,2014,  24 529,  24 797,  24 932,  25 088,  25 208,  25 221,  25 182,  25 219,  25 388,  25 678,  25 893,  26 027,  26 125,  25 981,  25 636,  25 396,  25 246,  25 069,  24 906,  24 707,  24 427,  24 189,  23 964,  23 630,  23 364,  23 166,  22 874,  22 634,  22 256,  21 772,  21 321,  20 813,  20 370,  19 894,  19 316,  18 735,  18 285,  18 002,  17 661,  17 297,  16 951,  16 505,  16 067,  15 629,  15 208,  14 856,  14 497,  14 094,  13 715,  13 397,  13 078,  12 716,  12 330,  11 930,  11 516,  11 126,  10 767,  10 387,  9 995,  9 600,  9 178,  8 728,  8 269,  7 809,  7 354,  6 603,  5 881,  5 490,  5 125,  4 774,  4 449,  4 151,  3 874,  3 614,  3 367,  3 131,  2 881,  2 604,  2 322,  2 063,  1 826,  1 601,  1 392,  1 198,  1 019,   855,   707,   575,   460,   361,   278,   210,   157,   115,   83,   59,   41,   28,   18,   12,   18,,,,,,,,,
7702,2015,  24 120,  24 310,  24 708,  24 888,  25 051,  25 174,  25 191,  25 157,  25 199,  25 373,  25 664,  25 879,  26 012,  26 107,  25 960,  25 611,  25 367,  25 213,  25 033,  24 867,  24 665,  24 383,  24 143,  23 916,  23 581,  23 314,  23 116,  22 825,  22 585,  22 207,  21 724,  21 273,  20 764,  20 320,  19 843,  19 264,  18 682,  18 231,  17 945,  17 603,  17 237,  16 890,  16 442,  16 002,  15 563,  15 140,  14 785,  14 423,  14 016,  13 632,  13 307,  12 982,  12 613,  12 220,  11 813,  11 392,  10 997,  10 631,  10 247,  9 851,  9 451,  9 025,  8 571,  8 108,  7 643,  7 184,  6 437,  5 719,  5 326,  4 958,  4 604,  4 277,  3 976,  3 697,  3 435,  3 185,  2 947,  2 699,  2 426,  2 151,  1 899,  1 669,  1 453,  1 253,  1 069,   901,   748,   612,   492,   388,   301,   228,   170,   125,   91,   64,   45,   31,   20,   13,   20,,,,,,,,,
7703,2016,  24 100,  23 927,  24 231,  24 669,  24 856,  25 021,  25 148,  25 168,  25 139,  25 185,  25 360,  25 651,  25 865,  25 996,  26 088,  25 938,  25 586,  25 339,  25 184,  25 001,  24 834,  24 630,  24 347,  24 105,  23 877,  23 541,  23 274,  23 075,  22 784,  22 544,  22 166,  21 682,  21 230,  20 720,  20 275,  19 796,  19 216,  18 632,  18 179,  17 891,  17 547,  17 180,  16 830,  16 381,  15 939,  15 497,  15 070,  14 712,  14 345,  13 933,  13 543,  13 211,  12 878,  12 501,  12 102,  11 688,  11 261,  10 859,  10 489,  10 100,  9 698,  9 295,  8 865,  8 407,  7 939,  7 471,  7 008,  6 265,  5 554,  5 158,  4 787,  4 431,  4 102,  3 798,  3 517,  3 253,  3 002,  2 765,  2 518,  2 252,  1 985,  1 741,  1 520,  1 313,  1 123,   949,   792,   651,   527,   419,   327,   250,   187,   137,   99,   71,   49,   34,   23,   15,   23,,,,,,,,,
7704,2017,  23 855,  23 926,  23 856,  24 197,  24 641,  24 829,  24 997,  25 128,  25 152,  25 126,  25 173,  25 348,  25 639,  25 850,  25 979,  26 068,  25 916,  25 562,  25 314,  25 158,  24 974,  24 805,  24 600,  24 316,  24 073,  23 844,  23 507,  23 239,  23 040,  22 748,  22 507,  22 128,  21 643,  21 189,  20 678,  20 230,  19 749,  19 168,  18 583,  18 128,  17 838,  17 491,  17 121,  16 769,  16 318,  15 873,  15 428,  14 998,  14 635,  14 262,  13 844,  13 447,  13 107,  12 766,  12 381,  11 974,  11 553,  11 121,  10 714,  10 339,  9 945,  9 539,  9 131,  8 697,  8 235,  7 764,  7 292,  6 825,  6 087,  5 382,  4 983,  4 610,  4 252,  3 921,  3 616,  3 334,  3 069,  2 819,  2 583,  2 341,  2 081,  1 823,  1 589,  1 377,  1 180,  1 000,   838,   692,   563,   450,   354,   272,   205,   152,   110,   78,   55,   38,   25,   17,   26,,,,,,,,,
7705,2018,  23 581,  23 693,  23 857,  23 822,  24 169,  24 614,  24 805,  24 977,  25 111,  25 139,  25 114,  25 161,  25 335,  25 623,  25 831,  25 956,  26 041,  25 886,  25 529,  25 278,  25 119,  24 934,  24 763,  24 556,  24 271,  24 027,  23 797,  23 461,  23 193,  22 993,  22 701,  22 459,  22 080,  21 594,  21 139,  20 626,  20 177,  19 694,  19 111,  18 525,  18 069,  17 777,  17 428,  17 057,  16 702,  16 248,  15 801,  15 353,  14 918,  14 550,  14 171,  13 746,  13 341,  12 993,  12 643,  12 250,  11 835,  11 409,  10 972,  10 562,  10 182,  9 783,  9 373,  8 960,  8 521,  8 055,  7 579,  7 103,  6 632,  5 900,  5 200,  4 800,  4 425,  4 066,  3 735,  3 429,  3 147,  2 883,  2 635,  2 402,  2 165,  1 913,  1 665,  1 441,  1 239,  1 052,   884,   733,   599,   482,   381,   295,   225,   167,   121,   86,   61,   42,   28,   19,   30,,,,,,,,,
7706,2019,  23 279,  23 432,  23 627,  23 823,  23 794,  24 143,  24 590,  24 785,  24 960,  25 097,  25 126,  25 101,  25 147,  25 318,  25 602,  25 806,  25 926,  26 007,  25 847,  25 487,  25 234,  25 072,  24 884,  24 711,  24 504,  24 217,  23 973,  23 743,  23 407,  23 139,  22 940,  22 647,  22 405,  22 025,  21 538,  21 082,  20 568,  20 117,  19 633,  19 049,  18 462,  18 004,  17 710,  17 360,  16 986,  16 629,  16 173,  15 723,  15 272,  14 833,  14 459,  14 072,  13 640,  13 226,  12 868,  12 509,  12 108,  11 688,  11 257,  10 816,  10 403,  10 018,  9 615,  9 199,  8 780,  8 335,  7 863,  7 382,  6 902,  6 427,  5 701,  5 009,  4 608,  4 232,  3 874,  3 543,  3 238,  2 958,  2 696,  2 451,  2 222,  1 990,  1 747,  1 509,  1 296,  1 105,   930,   773,   634,   513,   407,   318,   243,   182,   133,   95,   67,   46,   31,   21,   34,,,,,,,,,
7707,2020,  22 806,  23 146,  23 374,  23 599,  23 799,  23 772,  24 122,  24 573,  24 770,  24 948,  25 086,  25 115,  25 088,  25 132,  25 300,  25 581,  25 781,  25 898,  25 977,  25 815,  25 453,  25 198,  25 035,  24 845,  24 671,  24 462,  24 175,  23 931,  23 701,  23 364,  23 096,  22 895,  22 602,  22 358,  21 976,  21 487,  21 029,  20 513,  20 060,  19 574,  18 988,  18 399,  17 939,  17 642,  17 289,  16 913,  16 554,  16 095,  15 640,  15 184,  14 739,  14 357,  13 962,  13 520,  13 096,  12 728,  12 360,  11 952,  11 526,  11 090,  10 646,  10 227,  9 836,  9 426,  9 003,  8 576,  8 123,  7 645,  7 158,  6 673,  6 195,  5 475,  4 795,  4 395,  4 021,  3 665,  3 337,  3 036,  2 758,  2 500,  2 259,  2 033,  1 808,  1 574,  1 348,  1 145,   966,   804,   661,   536,   428,   336,   259,   195,   144,   104,   73,   50,   34,   22,   37,,,,,,,,,
7708,2021,  22 601,  22 687,  23 094,  23 349,  23 577,  23 779,  23 753,  24 106,  24 559,  24 759,  24 937,  25 075,  25 103,  25 075,  25 116,  25 281,  25 558,  25 756,  25 870,  25 947,  25 784,  25 420,  25 164,  24 999,  24 808,  24 632,  24 423,  24 135,  23 890,  23 659,  23 321,  23 051,  22 849,  22 553,  22 306,  21 921,  21 429,  20 968,  20 449,  19 994,  19 505,  18 916,  18 325,  17 862,  17 561,  17 204,  16 824,  16 459,  15 995,  15 534,  15 070,  14 615,  14 222,  13 815,  13 362,  12 927,  12 548,  12 171,  11 755,  11 322,  10 879,  10 427,  10 001,  9 601,  9 181,  8 748,  8 311,  7 850,  7 364,  6 872,  6 382,  5 900,  5 192,  4 529,  4 133,  3 762,  3 411,  3 089,  2 792,  2 519,  2 265,  2 029,  1 809,  1 590,  1 367,  1 153,   965,   803,   661,   537,   431,   339,   263,   199,   148,   108,   76,   53,   36,   24,   39,,,,,,,,,
